[
    {
        "breeds": [],
        "id": "1cq",
        "url": "https://cdn2.thecatapi.com/images/1cq.jpg",
        "width": 765,
        "height": 1280
    },
    {
        "breeds": [],
        "id": "2ed",
        "url": "https://cdn2.thecatapi.com/images/2ed.jpg",
        "width": 500,
        "height": 375
    },
    {
        "breeds": [],
        "id": "59l",
        "url": "https://cdn2.thecatapi.com/images/59l.jpg",
        "width": 500,
        "height": 326
    },
    {
        "breeds": [],
        "id": "6vk",
        "url": "https://cdn2.thecatapi.com/images/6vk.jpg",
        "width": 3888,
        "height": 2592
    },
    {
        "breeds": [],
        "id": "99v",
        "url": "https://cdn2.thecatapi.com/images/99v.jpg",
        "width": 384,
        "height": 384
    },
    {
        "breeds": [],
        "id": "bi6",
        "url": "https://cdn2.thecatapi.com/images/bi6.jpg",
        "width": 500,
        "height": 333
    },
    {
        "breeds": [],
        "id": "c54",
        "url": "https://cdn2.thecatapi.com/images/c54.jpg",
        "width": 600,
        "height": 871
    },
    {
        "breeds": [],
        "id": "MTY1MjM4OA",
        "url": "https://cdn2.thecatapi.com/images/MTY1MjM4OA.jpg",
        "width": 500,
        "height": 313
    },
    {
        "breeds": [],
        "id": "MTY2MjIyMg",
        "url": "https://cdn2.thecatapi.com/images/MTY2MjIyMg.jpg",
        "width": 500,
        "height": 324
    },
    {
        "breeds": [
            {
                "weight": {
                    "imperial": "7 - 11",
                    "metric": "3 - 5"
                },
                "id": "kora",
                "name": "Korat",
                "cfa_url": "http://cfa.org/Breeds/BreedsKthruR/Korat.aspx",
                "vetstreet_url": "http://www.vetstreet.com/cats/korat",
                "vcahospitals_url": "https://vcahospitals.com/know-your-pet/cat-breeds/korat",
                "temperament": "Active, Loyal, highly intelligent, Expressive, Trainable",
                "origin": "Thailand",
                "country_codes": "TH",
                "country_code": "TH",
                "description": "The Korat is a natural breed, and one of the oldest stable cat breeds. They are highly intelligent and confident cats that can be fearless, although they are startled by loud sounds and sudden movements. Korats form strong bonds with their people and like to cuddle and stay nearby.",
                "life_span": "10 - 15",
                "indoor": 0,
                "adaptability": 5,
                "affection_level": 5,
                "child_friendly": 4,
                "dog_friendly": 5,
                "energy_level": 3,
                "grooming": 1,
                "health_issues": 1,
                "intelligence": 5,
                "shedding_level": 3,
                "social_needs": 5,
                "stranger_friendly": 2,
                "vocalisation": 3,
                "experimental": 0,
                "hairless": 0,
                "natural": 0,
                "rare": 1,
                "rex": 0,
                "suppressed_tail": 0,
                "short_legs": 0,
                "wikipedia_url": "https://en.wikipedia.org/wiki/Korat",
                "hypoallergenic": 0,
                "reference_image_id": "DbwiefiaY"
            }
        ],
        "id": "CWGNkdpA7",
        "url": "https://cdn2.thecatapi.com/images/CWGNkdpA7.jpg",
        "width": 654,
        "height": 549
    }
]
